币种,价格,数量,方向,时间戳,可读时间,起始仓位,交易方向,平仓收益,交易哈希,订单ID,是否交叉成交,手续费,交易ID,手续费代币,TWAP ID,金库地址,是否平仓,关联订单ID
HYPE,16.5,289.93,A,1741052323459,2025-03-04 09:38:43.459,289.93,Close Long,-3411.084436,0x504d6c4c557f6d606d21041edce7b000007be1d213e1af8dc99e50b836f3f11e,76859133292,True,1.674345,1124443254416771,USDC,,0x45e97bb1b18a5310ad1fcf915ed7a4a473c79974,"{'liquidatedUser': '0x45e97bb1b18a5310ad1fcf915ed7a4a473c79974', 'markPx': '16.5', 'method': 'market'}",
