币种,价格,数量,方向,时间戳,可读时间,起始仓位,交易方向,平仓收益,交易哈希,订单ID,是否交叉成交,手续费,交易ID,手续费代币,TWAP ID,金库地址,是否平仓,关联订单ID
BTC,107837.0,0.00926,B,1761034915050,2025-10-21 16:21:55.050,0.0,Open Long,0.0,0x5bdcc3928856fb845d56042de66ade01cf00db78235a1a56ffa56ee5475ad56e,207995051847,True,0.449356,886257062887922,USDC,,0x016c6e564d092ae45018153f6d530675078319f2,,
