币种,价格,数量,方向,时间戳,可读时间,起始仓位,交易方向,平仓收益,交易哈希,订单ID,是否交叉成交,手续费,交易ID,手续费代币,TWAP ID,金库地址,是否平仓,关联订单ID
BTC,101452.4577121296,0.65196,B,1762276727180,2025-11-05 01:18:47.180,0.0,Open Long,0.0,0x1e9da7ea954909572017042ed5fbe102052700d0304c2829c266533d544ce341,222699048214,True,29.764323,124629770212123,USDC,,0xf7399f932f710caf6b53cc59cdbf6ede0216f8cd,,
