币种,价格,数量,方向,时间戳,可读时间,起始仓位,交易方向,平仓收益,交易哈希,订单ID,是否交叉成交,手续费,交易ID,手续费代币,TWAP ID,金库地址,是否平仓,关联订单ID
SOL,191.88,1.73,A,1753285642498,2025-07-23 23:47:22.498,1.73,Close Long,0.11245,0x0827f3d51732533be231042815786b020184004ab59990c44a6508126f7a0ae5,119460107978,True,0.149378,1082306699572624,USDC,,0x2482a0054ddc4aa720d323f528bbed681859b041,,
