币种,价格,数量,方向,时间戳,可读时间,起始仓位,交易方向,平仓收益,交易哈希,订单ID,是否交叉成交,手续费,交易ID,手续费代币,TWAP ID,金库地址,是否平仓,关联订单ID
ETH,2766.2,0.0001,B,1708165653493,2024-02-17 18:27:33.493,-0.0001,Close Short,0.00259,0xd677664105d8100d8b8e0407a880f102012800f94aeabd792ababe8bf5d425d0,9941736018,True,0.000069,968738806903310,USDC,,0xe4e64ecad50115c418b5dc1132f632274b7d6d59,,
