币种,价格,数量,方向,时间戳,可读时间,起始仓位,交易方向,平仓收益,交易哈希,订单ID,是否交叉成交,手续费,交易ID,手续费代币,TWAP ID,金库地址,是否平仓,关联订单ID
HYPE,23.64645005,18.22,B,1734190958262,2024-12-14 23:42:38.262,-18.22,Close Short,-133.05064,0x981a70a9e865d0211f94041939191d0110001d64c45c1e29dce5ddd35d317843,55417301133,True,0.150792,771048505897839,USDC,,0xf70e909929b729e4ab7b5aeb9126cd55640536cf,"{'liquidatedUser': '0xf70e909929b729e4ab7b5aeb9126cd55640536cf', 'markPx': '23.581', 'method': 'market'}",
