币种,价格,数量,方向,时间戳,可读时间,起始仓位,交易方向,平仓收益,交易哈希,订单ID,是否交叉成交,手续费,交易ID,手续费代币,TWAP ID,金库地址,是否平仓,关联订单ID
BTC,68799.0,0.00726,B,1730714970478,2024-11-04 18:09:30.478,0.0,Open Long,0.0,0x6489892b0cd19ce03c600415f57535019500759b7fe6da10e598b58dbb530160,44620492260,True,0.174818,678366316403350,USDC,,0x3db40ed92613617209c3d22a1bb24455baa82fb9,,
