币种,价格,数量,方向,时间戳,可读时间,起始仓位,交易方向,平仓收益,交易哈希,订单ID,是否交叉成交,手续费,交易ID,手续费代币,TWAP ID,金库地址,是否平仓,关联订单ID
BTC,104870.0,0.00346,B,1749934792086,2025-06-15 04:59:52.086,0.0,Open Long,0.0,0x60eb6cd3f52d151809fc042582e6a0016c0076b937ee847621a03a193110f87b,102675774917,True,0.163282,235950756793876,USDC,,0x801eaa0fa0ce72c3fdf1c747ff94a9fd62640ed9,,
