币种,价格,数量,方向,时间戳,可读时间,起始仓位,交易方向,平仓收益,交易哈希,订单ID,是否交叉成交,手续费,交易ID,手续费代币,TWAP ID,金库地址,是否平仓,关联订单ID
BTC,51349.0,0.00239,B,1708520883587,2024-02-21 21:08:03.587,0.0,Open Long,0.0,0x3be296a297fc53db2da60407b8009f012f000ddb21642b7be3cf3792a7ea6fa2,10390402709,True,0.030681,715387228362232,USDC,,0xfcc16b746e41953af9efb0379e2eb2485e03614a,,
